Ticker,Ticker_Fold,Year,YoY_Close_Category,Tone_Label_Prob,Negative_Prob,Neutral_Prob,Positive_Prob
ACST,3,2022,negative,negative,0.9371994733810425,0.062466248869895935,0.0003342907875776291
ACST,3,2023,negative,negative,0.4965198040008545,0.4813830256462097,0.022097133100032806
ACST,3,2024,negative,negative,0.9618510603904724,0.034596722573041916,0.0035522079560905695
APLN,3,2021,negative,neutral,0.1524912267923355,0.8303159475326538,0.01719285175204277
APLN,3,2022,positive,negative,0.8906364440917969,0.07968489825725555,0.029678622260689735
APLN,3,2023,negative,negative,0.9244646430015564,0.0701059103012085,0.005429435521364212
APLN,3,2024,neutral,negative,0.9985203146934509,0.0008480070973746479,0.0006316917715594172
ARCI,3,2023,negative,neutral,0.02947435900568962,0.9587245583534241,0.011800967156887054
ARCI,3,2024,positive,positive,0.04141825810074806,0.11954469233751297,0.8390370011329651
BEST,3,2022,positive,positive,0.15291710197925568,0.03492453321814537,0.8121583461761475
BEST,3,2024,neutral,neutral,0.0008017561049200594,0.9904159307479858,0.008782241493463516
BINO,3,2024,negative,negative,0.8850691914558411,0.0030477717518806458,0.11188293248414993
BOBA,3,2024,neutral,neutral,0.24791717529296875,0.7501552700996399,0.0019275577506050467
BSDE,3,2021,negative,negative,0.5732729434967041,0.2227158397436142,0.2040112316608429
BSDE,3,2022,positive,positive,0.02854057215154171,0.001405250863172114,0.9700542092323303
BSDE,3,2023,negative,negative,0.9965883493423462,0.002760689239948988,0.0006508764927275479
BSDE,3,2024,negative,negative,0.9640676379203796,0.017572378739714622,0.01836000382900238
BTEK,3,2021,neutral,neutral,0.018736643716692924,0.966444194316864,0.01481907069683075
BTEK,3,2022,neutral,negative,0.9991112351417542,0.0007810534443706274,0.00010765653860289603
BTEK,3,2023,negative,negative,0.9985871315002441,0.0010281287832185626,0.0003846954205073416
BTEK,3,2024,positive,neutral,0.011295877397060394,0.9696834087371826,0.019020741805434227
BTON,3,2021,negative,negative,0.9598135352134705,0.010040716268122196,0.030145803466439247
BTON,3,2022,positive,neutral,0.34539881348609924,0.6534380316734314,0.0011631861561909318
CITY,3,2021,neutral,negative,0.6561667323112488,0.03168429061770439,0.3121490180492401
CITY,3,2022,negative,neutral,0.1939859539270401,0.794906735420227,0.011107352562248707
CITY,3,2024,positive,negative,0.9986283779144287,0.000347557885106653,0.001024056226015091
CMNP,3,2021,positive,neutral,0.00652862386777997,0.9916620254516602,0.0018093190155923367
CMNP,3,2023,negative,neutral,0.016235729679465294,0.9785414338111877,0.0052228751592338085
DART,3,2021,neutral,neutral,0.06191744655370712,0.9349066615104675,0.003175829304382205
DART,3,2022,negative,negative,0.9400971531867981,0.004420098382979631,0.05548279359936714
DART,3,2023,negative,positive,0.06873646378517151,0.005038578528910875,0.926224946975708
DART,3,2024,positive,positive,0.023311957716941833,0.34194186329841614,0.6347461938858032
DCII,3,2023,negative,neutral,0.15542663633823395,0.7928515672683716,0.05172191560268402
DCII,3,2024,positive,neutral,0.0001051827784976922,0.9995834231376648,0.00031141811632551253
DGIK,3,2022,positive,negative,0.9603464603424072,0.035712722688913345,0.003940768539905548
DGIK,3,2023,negative,negative,0.9038861989974976,0.08841336518526077,0.007700478658080101
DGIK,3,2024,negative,neutral,0.00037962637725286186,0.9993942975997925,0.00022606350830756128
DILD,3,2022,positive,negative,0.9973586201667786,0.0019184149568900466,0.0007229403709061444
DILD,3,2023,negative,neutral,0.3677685558795929,0.6172126531600952,0.015018871054053307
DILD,3,2024,negative,negative,0.6909950375556946,0.025904491543769836,0.2831004559993744
DKFT,3,2023,neutral,negative,0.5203446745872498,0.4639934301376343,0.01566186733543873
DKFT,3,2024,positive,negative,0.9527170658111572,0.03599545732140541,0.011287445202469826
DYAN,3,2021,positive,negative,0.9943488240242004,0.0021434491500258446,0.0035076644271612167
DYAN,3,2022,positive,negative,0.994679868221283,0.004230276681482792,0.001089804107323289
DYAN,3,2023,negative,negative,0.4774004817008972,0.39714983105659485,0.12544964253902435
DYAN,3,2024,neutral,neutral,0.2619735598564148,0.47170335054397583,0.26632311940193176
EDGE,3,2023,neutral,positive,0.2635370194911957,0.004628080874681473,0.7318349480628967
EDGE,3,2024,negative,negative,0.9714994430541992,0.0266070906072855,0.001893480308353901
ENZO,3,2023,negative,negative,0.9906381368637085,0.009238404221832752,0.00012336322106420994
EPAC,3,2024,positive,negative,0.8431332111358643,0.15082527697086334,0.0060414765030145645
FPNI,3,2021,positive,negative,0.7051074504852295,0.11564277112483978,0.17924977838993073
FPNI,3,2022,negative,negative,0.9734169840812683,0.006697754841297865,0.019885307177901268
FPNI,3,2023,negative,negative,0.9403433203697205,0.058302514255046844,0.0013541284715756774
FPNI,3,2024,positive,negative,0.9944940209388733,0.0017055707285180688,0.0038002768997102976
GPSO,3,2024,positive,negative,0.6253109574317932,0.013363830745220184,0.361325204372406
HITS,3,2021,positive,negative,0.8506327867507935,0.05409730598330498,0.09526994079351425
HITS,3,2022,negative,negative,0.5208306908607483,0.4772898852825165,0.0018794857896864414
HITS,3,2023,negative,negative,0.6801709532737732,0.3190050423145294,0.0008240517345257103
HITS,3,2024,negative,positive,0.1654166281223297,0.040069613605737686,0.7945137619972229
HOMI,3,2023,negative,negative,0.9831305742263794,0.016608621925115585,0.00026070905732922256
HOMI,3,2024,positive,negative,0.9780564308166504,0.02155427075922489,0.0003893157991115004
INRU,3,2022,positive,neutral,0.01385251060128212,0.9858479499816895,0.0002995916875079274
INRU,3,2024,positive,negative,0.9687354564666748,0.009452983736991882,0.021811477839946747
ISAT,3,2021,neutral,neutral,0.31197187304496765,0.6842959523200989,0.0037321830168366432
ISAT,3,2022,positive,neutral,0.12065794318914413,0.8758739829063416,0.003468060865998268
ISAT,3,2023,positive,neutral,0.023566482588648796,0.9752277731895447,0.001205729553475976
ISAT,3,2024,negative,neutral,0.3282262980937958,0.6675764322280884,0.004197278060019016
JIHD,3,2022,positive,negative,0.8761221170425415,0.12295244634151459,0.0009254561737179756
JIHD,3,2023,negative,neutral,0.07191731035709381,0.9273178577423096,0.0007648351602256298
JIHD,3,2024,positive,negative,0.9976309537887573,0.00036771505256183445,0.0020012427121400833
KMDS,3,2023,neutral,negative,0.9417451620101929,0.0003773414355237037,0.057877592742443085
KMDS,3,2024,positive,negative,0.9975791573524475,0.0019206773722544312,0.0005001217941753566
KONI,3,2021,positive,neutral,0.11012343317270279,0.8890659809112549,0.0008105654851533473
KONI,3,2023,negative,positive,0.31099170446395874,0.01241732481867075,0.6765909194946289
KONI,3,2024,positive,positive,0.026242708787322044,0.030240373685956,0.9435169100761414
KUAS,3,2024,neutral,negative,0.709465742111206,0.09299331158399582,0.19754093885421753
LMSH,3,2021,positive,neutral,0.0007173620397225022,0.9989556074142456,0.0003270607558079064
LMSH,3,2022,negative,neutral,0.08684108406305313,0.9127683043479919,0.0003906058263964951
LMSH,3,2024,negative,neutral,0.13617318868637085,0.8627058863639832,0.0011208906071260571
MDKI,3,2021,neutral,negative,0.6717837452888489,0.013264847919344902,0.31495141983032227
MDKI,3,2022,neutral,positive,0.03176162764430046,0.005319497082382441,0.9629188179969788
MDKI,3,2023,neutral,positive,0.017291201278567314,0.08564538508653641,0.8970634341239929
MGNA,3,2021,neutral,negative,0.9988104104995728,0.0009269523434340954,0.00026269309455528855
MGNA,3,2022,neutral,negative,0.88218092918396,0.007839263416826725,0.10997980833053589
MKPI,3,2023,neutral,negative,0.9960715770721436,0.0030490963254123926,0.0008792848675511777
MNCN,3,2021,neutral,positive,0.32632389664649963,0.18267038464546204,0.49100571870803833
OMRE,3,2024,neutral,neutral,0.3126319646835327,0.552528977394104,0.1348390430212021
PBSA,3,2022,neutral,negative,0.993080198764801,0.00525846378877759,0.001661278773099184
PTSN,3,2024,neutral,negative,0.9992161989212036,0.0003605518431868404,0.00042323314119130373
PURE,3,2022,neutral,neutral,0.017396442592144012,0.9818946719169617,0.0007088679121807218
PURE,3,2023,neutral,negative,0.6855701208114624,0.3133048713207245,0.0011249231174588203
SULI,3,2021,neutral,negative,0.990943968296051,0.006499128416180611,0.0025569344870746136
TAXI,3,2021,neutral,neutral,0.07309659570455551,0.9242455363273621,0.002657831646502018
TAXI,3,2022,neutral,neutral,0.3330569267272949,0.6637915372848511,0.0031514852307736874
TEBE,3,2023,neutral,negative,0.9299336671829224,0.012971385382115841,0.057094987481832504
TGKA,3,2021,neutral,negative,0.9987818598747253,0.00036097216070629656,0.0008571951766498387
TGKA,3,2023,neutral,negative,0.9396339058876038,0.003383156144991517,0.05698293820023537
ZONE,3,2023,neutral,negative,0.9970822930335999,0.000579135725274682,0.002338612684980035
